{
  "project_info": {
    "project_number": "460517082314",
    "firebase_url": "https://android-b6354.firebaseio.com",
    "project_id": "android-b6354",
    "storage_bucket": "android-b6354.appspot.com"
  },
  "client": [
    {
      "client_info": {
        "mobilesdk_app_id": "1:460517082314:android:b71935d2d1c41145",
        "android_client_info": {
          "package_name": "com.brianbhuang.fakelocation"
        }
      },
      "oauth_client": [
        {
          "client_id": "460517082314-ld5bdl7a8hgrub7lbio1h8j88hfsqodo.apps.googleusercontent.com",
          "client_type": 1,
          "android_info": {
            "package_name": "com.brianbhuang.fakelocation",
            "certificate_hash": "c79e23ae1d003314c9a9d556e69157db7d857020"
          }
        },
        {
          "client_id": "460517082314-30ee8d5u1fssk3gh3d088l3qqu4p8b1c.apps.googleusercontent.com",
          "client_type": 3
        }
      ],
      "api_key": [
        {
          "current_key": "AIzaSyAhsuq4711WgwpHdo0ftSmO6V6P0HavZKw"
        }
      ],
      "services": {
        "analytics_service": {
          "status": 1
        },
        "appinvite_service": {
          "status": 2,
          "other_platform_oauth_client": [
            {
              "client_id": "460517082314-30ee8d5u1fssk3gh3d088l3qqu4p8b1c.apps.googleusercontent.com",
              "client_type": 3
            }
          ]
        },
        "ads_service": {
          "status": 2
        }
      }
    }
  ],
  "configuration_version": "1"
}